Time,V1,V2,V3,V4,V5,V6,V7,V8,V9,V10,V11,V12,V13,V14,V15,V16,V17,V18,V19,V20,V21,V22,V23,V24,V25,V26,V27,V28,Amount,Transaction_Hour,prediction
0,-1.359807,-0.072781,2.536347,1.378155,-0.338321,0.462388,0.239599,0.098698,0.363787,0.090794,-0.5516,-0.617801,-0.99139,-0.311169,1.468177,-0.4704,0.207971,0.025791,0.403993,0.251412,-0.018307,0.277838,-0.110474,0.066928,0.128539,-0.189115,0.133558,-0.021053,149.62,12,0
6000,1.12,0.98,-0.56,1.44,0.67,-0.32,1.21,0.45,0.18,0.27,-0.08,0.55,0.32,0.07,-0.14,0.22,0.18,0.61,0.29,0.09,0.11,0.08,-0.02,0.04,-0.03,0.19,-0.01,0.02,249.90,1,0
